{
    "low_1": {
        "type": "parallel_homogeneous",
        "cpu": 202837055.43169817,
        "com": 764826.9590480484,
        "np": 1,
        "walltime": 7.257096798086005
    },
    "low_2": {
        "type": "parallel_homogeneous",
        "cpu": 523640337.5369707,
        "com": 482004.13857041707,
        "np": 1,
        "walltime": 18.6815884161579
    },
    "low_3": {
        "type": "parallel_homogeneous",
        "cpu": 335791338.2373775,
        "com": 8677.696818425407,
        "np": 1,
        "walltime": 11.969109478842627
    },
    "low_4": {
        "type": "parallel_homogeneous",
        "cpu": 99279475.84274746,
        "com": 330287.15933167876,
        "np": 1,
        "walltime": 3.5504469980939097
    },
    "low_5": {
        "type": "parallel_homogeneous",
        "cpu": 50987206.37413809,
        "com": 403591.1832285569,
        "np": 1,
        "walltime": 1.8317512000645535
    },
    "low_6": {
        "type": "parallel_homogeneous",
        "cpu": 985156192.9712626,
        "com": 759849.8253849855,
        "np": 1,
        "walltime": 35.141561921464664
    },
    "low_7": {
        "type": "parallel_homogeneous",
        "cpu": 67278999.28060193,
        "com": 306022.8688575826,
        "np": 1,
        "walltime": 2.4089710865153884
    },
    "low_8": {
        "type": "parallel_homogeneous",
        "cpu": 536274036.23124754,
        "com": 919609.7796916749,
        "np": 1,
        "walltime": 19.14749629345922
    },
    "low_9": {
        "type": "parallel_homogeneous",
        "cpu": 697701019.0704905,
        "com": 504325.3803141398,
        "np": 1,
        "walltime": 24.886527128939573
    },
    "low_10": {
        "type": "parallel_homogeneous",
        "cpu": 97033785.45798789,
        "com": 729987.661206385,
        "np": 1,
        "walltime": 3.4846493389019737
    },
    "low_11": {
        "type": "parallel_homogeneous",
        "cpu": 285442907.56885403,
        "com": 214978.5691548492,
        "np": 1,
        "walltime": 10.181865248483486
    },
    "low_12": {
        "type": "parallel_homogeneous",
        "cpu": 109961718.26143438,
        "com": 173207.26180952927,
        "np": 1,
        "walltime": 3.9256013057789905
    },
    "low_13": {
        "type": "parallel_homogeneous",
        "cpu": 722690443.5245796,
        "com": 835262.6201689399,
        "np": 1,
        "walltime": 25.78903507050589
    },
    "low_14": {
        "type": "parallel_homogeneous",
        "cpu": 445183763.4805818,
        "com": 823685.6329688589,
        "np": 1,
        "walltime": 15.897295215928537
    },
    "low_15": {
        "type": "parallel_homogeneous",
        "cpu": 201000254.30923527,
        "com": 740132.5236545729,
        "np": 1,
        "walltime": 7.190746461370331
    },
    "low_16": {
        "type": "parallel_homogeneous",
        "cpu": 614857291.8238949,
        "com": 431033.56331751624,
        "np": 1,
        "walltime": 21.93106902370262
    },
    "low_17": {
        "type": "parallel_homogeneous",
        "cpu": 363561112.2162256,
        "com": 927197.1434021726,
        "np": 1,
        "walltime": 12.991662511828318
    },
    "low_18": {
        "type": "parallel_homogeneous",
        "cpu": 912396731.4163965,
        "com": 296545.9434793697,
        "np": 1,
        "walltime": 32.5316415692629
    },
    "low_19": {
        "type": "parallel_homogeneous",
        "cpu": 285413870.6428706,
        "com": 102401.025538707,
        "np": 1,
        "walltime": 10.17681760402251
    },
    "low_20": {
        "type": "parallel_homogeneous",
        "cpu": 863606644.0249556,
        "com": 986825.1575649016,
        "np": 1,
        "walltime": 30.81719296096113
    },
    "low_21": {
        "type": "parallel_homogeneous",
        "cpu": 841744171.2510906,
        "com": 469698.8287567945,
        "np": 1,
        "walltime": 30.01950428007377
    },
    "low_22": {
        "type": "parallel_homogeneous",
        "cpu": 690526329.2358886,
        "com": 623221.6932410642,
        "np": 1,
        "walltime": 24.63503349846403
    },
    "low_23": {
        "type": "parallel_homogeneous",
        "cpu": 343559756.33973044,
        "com": 928580.3237890752,
        "np": 1,
        "walltime": 12.278792197907626
    },
    "low_24": {
        "type": "parallel_homogeneous",
        "cpu": 131398543.39767854,
        "com": 513976.42546274496,
        "np": 1,
        "walltime": 4.701832389735729
    },
    "low_25": {
        "type": "parallel_homogeneous",
        "cpu": 424074718.95315725,
        "com": 591642.5179026115,
        "np": 1,
        "walltime": 15.136622785107082
    },
    "low_26": {
        "type": "parallel_homogeneous",
        "cpu": 175805205.26576096,
        "com": 880008.5488772775,
        "np": 1,
        "walltime": 6.297690789432649
    },
    "low_27": {
        "type": "parallel_homogeneous",
        "cpu": 854383819.0591627,
        "com": 961622.1672340727,
        "np": 1,
        "walltime": 30.48756028133692
    },
    "low_28": {
        "type": "parallel_homogeneous",
        "cpu": 80527615.76169772,
        "com": 236190.96501892607,
        "np": 1,
        "walltime": 2.878709942734455
    },
    "low_29": {
        "type": "parallel_homogeneous",
        "cpu": 484991650.3083915,
        "com": 53752.5150623572,
        "np": 1,
        "walltime": 17.28874703133103
    },
    "low_30": {
        "type": "parallel_homogeneous",
        "cpu": 440273289.11085504,
        "com": 109513.01029721356,
        "np": 1,
        "walltime": 15.696812748872754
    },
    "low_31": {
        "type": "parallel_homogeneous",
        "cpu": 637430800.863639,
        "com": 401821.25761147746,
        "np": 1,
        "walltime": 22.73462811521289
    },
    "low_32": {
        "type": "parallel_homogeneous",
        "cpu": 83995701.1200268,
        "com": 230398.83747709478,
        "np": 1,
        "walltime": 3.002118414326871
    },
    "low_33": {
        "type": "parallel_homogeneous",
        "cpu": 251387082.01346785,
        "com": 66237.89228904515,
        "np": 1,
        "walltime": 8.962692590700245
    },
    "low_34": {
        "type": "parallel_homogeneous",
        "cpu": 946236188.3217685,
        "com": 483199.6428495731,
        "np": 1,
        "walltime": 33.74445343240223
    },
    "low_35": {
        "type": "parallel_homogeneous",
        "cpu": 586733891.7132212,
        "com": 542881.7043047178,
        "np": 1,
        "walltime": 20.93263746834746
    },
    "low_36": {
        "type": "parallel_homogeneous",
        "cpu": 926025135.395141,
        "com": 840321.8482717039,
        "np": 1,
        "walltime": 33.03678857501273
    },
    "low_37": {
        "type": "parallel_homogeneous",
        "cpu": 941784143.3980583,
        "com": 863665.1277249483,
        "np": 1,
        "walltime": 33.599327828641776
    },
    "low_38": {
        "type": "parallel_homogeneous",
        "cpu": 368151211.66770977,
        "com": 120717.96822504883,
        "np": 1,
        "walltime": 13.126524224647182
    },
    "low_39": {
        "type": "parallel_homogeneous",
        "cpu": 29959152.647683244,
        "com": 12179.917080153247,
        "np": 1,
        "walltime": 1.0682851211202795
    },
    "low_40": {
        "type": "parallel_homogeneous",
        "cpu": 287632001.05909836,
        "com": 75881.34558821388,
        "np": 1,
        "walltime": 10.254934422345265
    },
    "low_41": {
        "type": "parallel_homogeneous",
        "cpu": 236101816.63885,
        "com": 367794.1153164254,
        "np": 1,
        "walltime": 8.428619789257416
    },
    "low_42": {
        "type": "parallel_homogeneous",
        "cpu": 514090325.08697736,
        "com": 569118.8520537592,
        "np": 1,
        "walltime": 18.344297011688237
    },
    "low_43": {
        "type": "parallel_homogeneous",
        "cpu": 654589508.5333813,
        "com": 635476.0191414611,
        "np": 1,