{"low_1": {"type": "parallel_homogeneous", "cpu": 466250592.8411087, "com": 112176.68388484919, "np": 1, "walltime": 704.5252197642346}, "low_2": {"type": "parallel_homogeneous", "cpu": 691661725.7205386, "com": 857398.4878167213, "np": 1, "walltime": 888.2427062432674}, "low_3": {"type": "parallel_homogeneous", "cpu": 226555722.31987187, "com": 313108.4290646884, "np": 1, "walltime": 629.2362174009431}, "low_4": {"type": "parallel_homogeneous", "cpu": 808177061.851917, "com": 792674.4981955809, "np": 1, "walltime": 583.557662063083}, "low_5": {"type": "parallel_homogeneous", "cpu": 369034955.2124061, "com": 966815.2930324032, "np": 1, "walltime": 705.2673907405422}, "low_6": {"type": "parallel_homogeneous", "cpu": 711042941.2295005, "com": 464069.5908755104, "np": 1, "walltime": 515.9262199651539}, "low_7": {"type": "parallel_homogeneous", "cpu": 719459169.0286835, "com": 851948.2446844233, "np": 1, "walltime": 702.5061601976125}, "low_8": {"type": "parallel_homogeneous", "cpu": 88554699.96876144, "com": 556603.1187032429, "np": 1, "walltime": 511.02605934747874}, "low_9": {"type": "parallel_homogeneous", "cpu": 445133103.36592317, "com": 208076.04587748033, "np": 1, "walltime": 642.8024510840842}, "low_10": {"type": "parallel_homogeneous", "cpu": 205067647.5355249, "com": 184437.72509230397, "np": 1, "walltime": 823.6391120959288}, "low_11": {"type": "parallel_homogeneous", "cpu": 900895503.2910831, "com": 709056.6801762738, "np": 1, "walltime": 453.4824957405365}, "low_12": {"type": "parallel_homogeneous", "cpu": 56253749.374067165, "com": 872127.8696387161, "np": 1, "walltime": 883.0245714164072}, "low_13": {"type": "parallel_homogeneous", "cpu": 165892898.50474277, "com": 75298.3975418688, "np": 1, "walltime": 464.37151877210965}, "low_14": {"type": "parallel_homogeneous", "cpu": 277323933.01855826, "com": 766860.0492369942, "np": 1, "walltime": 838.9751257527628}, "low_15": {"type": "parallel_homogeneous", "cpu": 561074528.6619688, "com": 337715.0888716738, "np": 1, "walltime": 819.1111467473524}, "med_16": {"type": "parallel_homogeneous", "cpu": 1780569593344.4028, "com": 4676.969833453143, "np": 2, "walltime": 4017.628978090566}, "med_17": {"type": "parallel_homogeneous", "cpu": 834542546.2377179, "com": 654761063012.6014, "np": 2, "walltime": 6722.7837345481075}, "med_18": {"type": "parallel_homogeneous", "cpu": 1481473028991.9648, "com": 123046.44391969069, "np": 2, "walltime": 3632.5846214222047}, "med_19": {"type": "parallel_homogeneous", "cpu": 1958031555916.2817, "com": 423792.7493425358, "np": 2, "walltime": 6954.839847816761}, "med_20": {"type": "parallel_homogeneous", "cpu": 1485280673665.573, "com": 507155.75746218394, "np": 2, "walltime": 2034.229087007077}, "med_21": {"type": "parallel_homogeneous", "cpu": 1741228616527.7153, "com": 169066.7597026683, "np": 2, "walltime": 5956.183720049711}, "med_22": {"type": "parallel_homogeneous", "cpu": 1263069322018.4062, "com": 118898.57385753831, "np": 2, "walltime": 1827.3750499662963}, "med_23": {"type": "parallel_homogeneous", "cpu": 576891647.0247978, "com": 955643386646.7366, "np": 2, "walltime": 3457.603265985647}, "med_24": {"type": "parallel_homogeneous", "cpu": 1068883054397.9863, "com": 895392.9157697327, "np": 2, "walltime": 5612.573144133919}, "med_25": {"type": "parallel_homogeneous", "cpu": 980125726.2817193, "com": 270693380083.06494, "np": 2, "walltime": 5229.75792465311}, "med_26": {"type": "parallel_homogeneous", "cpu": 1061970257550.782, "com": 418671.46342442685, "np": 2, "walltime": 2702.7855546892642}, "med_27": {"type": "parallel_homogeneous", "cpu": 1873371693797.8167, "com": 394715.50904510275, "np": 2, "walltime": 5278.242303434528}, "med_28": {"type": "parallel_homogeneous", "cpu": 89323002.1554581, "com": 875214261591.7078, "np": 2, "walltime": 2207.000246805666}, "med_29": {"type": "parallel_homogeneous", "cpu": 233936617.5171635, "com": 232843621558.60754, "np": 2, "walltime": 2018.5908035446598}, "med_30": {"type": "parallel_homogeneous", "cpu": 1694779269149.6704, "com": 301497.879271489, "np": 2, "walltime": 3319.457489284916}, "med_31": {"type": "parallel_homogeneous", "cpu": 355753424.46166414, "com": 26307716915.959854, "np": 2, "walltime": 3373.812240323038}, "med_32": {"type": "parallel_homogeneous", "cpu": 745361303.7234998, "com": 398364320400.5823, "np": 2, "walltime": 7192.941337454074}, "med_33": {"type": "parallel_homogeneous", "cpu": 1879932712013.69, "com": 93648.53564452816, "np": 2, "walltime": 6117.02275920787}, "med_34": {"type": "parallel_homogeneous", "cpu": 737290254.7197287, "com": 677210501624.4319, "np": 2, "walltime": 3928.073158736955}, "med_35": {"type": "parallel_homogeneous", "cpu": 1339696750521.7375, "com": 622329.3906881112, "np": 2, "walltime": 6846.6969009594}, "high_36": {"type": "parallel_homogeneous", "cpu": 1347085844130.115, "com": 1321895353580.1682, "np": 4, "walltime": 42097.262933483384}, "high_37": {"type": "parallel_homogeneous", "cpu": 1114290947085.3506, "com": 1617072186767.9211, "np": 4, "walltime": 15146.88875006089}, "high_38": {"type": "parallel_homogeneous", "cpu": 1798568820569.5469, "com": 1024123011093.9885, "np": 4, "walltime": 32012.500474698467}, "high_39": {"type": "parallel_homogeneous", "cpu": 1010323781781.9528, "com": 1503408827757.79, "np": 4, "walltime": 24838.79045198577}, "high_40": {"type": "parallel_homogeneous", "cpu": 1983841776089.061, "com": 1328198212005.7834, "np": 4, "walltime": 14316.714997750834}, "high_41": {"type": "parallel_homogeneous", "cpu": 1313362328259.7737, "com": 1398544800848.4722, "np": 4, "walltime": 11448.75328873011}, "high_42": {"type": "parallel_homogeneous", "cpu": 1750024506986.258, "com": 1007626489632.8717, "np": 4, "walltime": 39735.95506253539}, "high_43": {"type": "parallel_homogeneous", "cpu": 1503987106757.4026, "com": 1811819838367.6567, "np": 4, "walltime": 29682.358544906434}, "high_44": {"type": "parallel_homogeneous", "cpu": 1765773121159.0342, "com": 1561616700903.956, "np": 4, "walltime": 22582.938559627488}, "high_45": {"type": "parallel_homogeneous", "cpu": 1996278204811.5, "com": 1150823896773.7808, "np": 4, "walltime": 20741.94174373938}, "high_46": {"type": "parallel_homogeneous", "cpu": 1029942641661.5568, "com": 1056142394501.5564, "np": 4, "walltime": 43199.56598649353}, "high_47": {"type": "parallel_homogeneous", "cpu": 1758812903008.6992, "com": 1988220813039.6677, "np": 4, "walltime": 15370.887498489548}, "high_48": {"type": "parallel_homogeneous", "cpu": 1569925036433.9766, "com": 1172959192879.5361, "np": 4, "walltime": 17684.929203677188}, "high_49": {"type": "parallel_homogeneous", "cpu": 1937180035885.6187, "com": 1008755191512.8774, "np": 4, "walltime": 38718.806702400645}, "high_50": {"type": "parallel_homogeneous", "cpu": 1933563249364.1543, "com": 1884860239209.6553, "np": 4, "walltime": 41468.50238470972}}