{"low_1": {"type": "parallel_homogeneous", "cpu": 482847935.09004843, "com": 873098.0407308955}, "low_2": {"type": "parallel_homogeneous", "cpu": 752621437.7177421, "com": 243054.0506395114}, "low_3": {"type": "parallel_homogeneous", "cpu": 574031584.4126145, "com": 591655.2061692629}, "low_4": {"type": "parallel_homogeneous", "cpu": 704084809.5290525, "com": 670974.0284040893}, "low_5": {"type": "parallel_homogeneous", "cpu": 697588858.568308, "com": 579415.5319900775}, "low_6": {"type": "parallel_homogeneous", "cpu": 721643983.8424762, "com": 692029.2292447803}, "low_7": {"type": "parallel_homogeneous", "cpu": 46162513.83942675, "com": 179734.05421519472}, "low_8": {"type": "parallel_homogeneous", "cpu": 169551905.88853052, "com": 414911.2372585809}, "low_9": {"type": "parallel_homogeneous", "cpu": 680323495.7040412, "com": 562670.4195995287}, "low_10": {"type": "parallel_homogeneous", "cpu": 248142359.70150816, "com": 717361.1607575042}, "low_11": {"type": "parallel_homogeneous", "cpu": 589560725.1762213, "com": 830296.7564398535}, "low_12": {"type": "parallel_homogeneous", "cpu": 40505051.38611828, "com": 704274.3982668961}, "low_13": {"type": "parallel_homogeneous", "cpu": 959032969.13446, "com": 17904.65473308329}, "low_14": {"type": "parallel_homogeneous", "cpu": 830785497.4143556, "com": 200461.65466961416}, "low_15": {"type": "parallel_homogeneous", "cpu": 252366038.68466172, "com": 140415.0326898845}, "med_16": {"type": "parallel_homogeneous", "cpu": 662205142.1841953, "com": 181696868326.33694}, "med_17": {"type": "parallel_homogeneous", "cpu": 1431330667665.4949, "com": 304143.3762441119}, "med_18": {"type": "parallel_homogeneous", "cpu": 1932771047938.894, "com": 395135.3401981972}, "med_19": {"type": "parallel_homogeneous", "cpu": 842222126.8073951, "com": 889303711926.1503}, "med_20": {"type": "parallel_homogeneous", "cpu": 1245696758025.352, "com": 246837.52674810696}, "med_21": {"type": "parallel_homogeneous", "cpu": 207377940.39286658, "com": 601733758893.7853}, "med_22": {"type": "parallel_homogeneous", "cpu": 1077602917476.4049, "com": 80843.62537032181}, "med_23": {"type": "parallel_homogeneous", "cpu": 1658270631695.0266, "com": 196672.49515871328}, "med_24": {"type": "parallel_homogeneous", "cpu": 1620098379543.7017, "com": 607678.3909180486}, "med_25": {"type": "parallel_homogeneous", "cpu": 1583533705061.7466, "com": 743611.7219189014}, "med_26": {"type": "parallel_homogeneous", "cpu": 1987611967275.9507, "com": 161024.67589334617}, "med_27": {"type": "parallel_homogeneous", "cpu": 974083463.2108225, "com": 342036465845.764}, "med_28": {"type": "parallel_homogeneous", "cpu": 1406201404153.6936, "com": 751162.7233344347}, "med_29": {"type": "parallel_homogeneous", "cpu": 1362476515068.7847, "com": 6469.750329900111}, "med_30": {"type": "parallel_homogeneous", "cpu": 738394204.1823064, "com": 480446856162.5466}, "med_31": {"type": "parallel_homogeneous", "cpu": 782980850.0631632, "com": 643094988342.0352}, "med_32": {"type": "parallel_homogeneous", "cpu": 44654063.0234941, "com": 850861222378.551}, "med_33": {"type": "parallel_homogeneous", "cpu": 1601071038933.1694, "com": 805824.5747771207}, "med_34": {"type": "parallel_homogeneous", "cpu": 1317934404850.591, "com": 901597.655787851}, "med_35": {"type": "parallel_homogeneous", "cpu": 1228342148613.6057, "com": 902141.5797978241}, "high_36": {"type": "parallel_homogeneous", "cpu": 1597104060371.1765, "com": 920435782623.2096}, "high_37": {"type": "parallel_homogeneous", "cpu": 1594315546924.0542, "com": 553264471716.5072}, "high_38": {"type": "parallel_homogeneous", "cpu": 1999002404588.359, "com": 76043959594.99973}, "high_39": {"type": "parallel_homogeneous", "cpu": 1951106867070.7231, "com": 607895182096.6387}, "high_40": {"type": "parallel_homogeneous", "cpu": 1878101884231.0205, "com": 444130835727.9948}, "high_41": {"type": "parallel_homogeneous", "cpu": 1725158501553.5688, "com": 916349299835.7906}, "high_42": {"type": "parallel_homogeneous", "cpu": 1701866320941.2612, "com": 1612561767.8883648}, "high_43": {"type": "parallel_homogeneous", "cpu": 1191935539607.07, "com": 345985406710.5517}, "high_44": {"type": "parallel_homogeneous", "cpu": 1081765929207.222, "com": 981033165583.1022}, "high_45": {"type": "parallel_homogeneous", "cpu": 1769136712386.3506, "com": 765532279716.2349}, "high_46": {"type": "parallel_homogeneous", "cpu": 1238153073490.62, "com": 946942862936.6655}, "high_47": {"type": "parallel_homogeneous", "cpu": 1092900715716.8429, "com": 642730135325.4474}, "high_48": {"type": "parallel_homogeneous", "cpu": 1554549576546.148, "com": 72341980317.9184}, "high_49": {"type": "parallel_homogeneous", "cpu": 1460311439017.424, "com": 538741353000.5281}, "high_50": {"type": "parallel_homogeneous", "cpu": 1656075813230.0498, "com": 392175252452.2897}}